"Month","TP","NOx","NHx","TN","TSS","FecalColiform","TDS","Salinity","pH","MonthNumber","PondName"
"Jan",94.8666666666667,203.666666666667,115,904.666666666667,14.6666666666667,36.6666666666667,183.3,0.14,6.35,1,"Duck"
"Feb",126.633333333333,273,62.6666666666667,629.666666666667,18.6666666666667,330,68,0.05,7.16,2,"Duck"
"Mar",86.5,258,105.666666666667,919.666666666667,18.6666666666667,3.33333333333333,111,0.04,5.84,3,"Duck"
"Apr",163,79,253,1831,24.6666666666667,46.6666666666667,99,0.07,7.66,4,"Duck"
"May",357.566666666667,212.333333333333,534,4159,51,111.666666666667,177,0.13,7.51,5,"Duck"
"Jun",212.933333333333,203.666666666667,547,2252.33333333333,36,90,192,0.14,6.3,6,"Duck"
"Jul",172.933333333333,38,20,710.333333333333,14,185,72.15,0.05,7.36,7,"Duck"
"Aug",231.266666666667,8,2.33333333333333,1342.66666666667,45,301.666666666667,73.45,0.05,7.06,8,"Duck"
"Sep",354.833333333333,14,90,1162,39.3333333333333,531.666666666667,109.85,0.08,6.98,9,"Duck"
"Oct",142.033333333333,171.333333333333,106,1109,25.3333333333333,0,148,0.11,7.26,10,"Duck"
"Nov",149.266666666667,196.666666666667,92.6666666666667,1079.66666666667,22,90,106.6,0.08,6.75,11,"Duck"
"Dec",133.933333333333,235,2.33333333333333,840,16.3333333333333,81.6666666666667,90.35,0.07,7.01,12,"Duck"
"Jan",121.8,362.666666666667,106.333333333333,946,0.666666666666667,5,221.65,0.16,6.38,1,"South"
"Feb",101.2,409.333333333333,62.3333333333333,612.666666666667,17,193.333333333333,106,0.08,7.29,2,"South"
"Apr",158.433333333333,317.666666666667,198.666666666667,1765.66666666667,5.33333333333333,25,181,0.13,7.88,4,"South"
"May",347.533333333333,524.666666666667,236.333333333333,3328.66666666667,14.3333333333333,60,198,0.14,7.83,5,"South"
"Jun",200.1,371.666666666667,107,1544.66666666667,10,136.666666666667,202,0.16,6.9,6,"South"
"Jul",171,203,83.6666666666667,786,11.6666666666667,153.333333333333,98.8,0.07,7.64,7,"South"
"Aug",116.566666666667,295.333333333333,55.3333333333333,1049.66666666667,8,3.33333333333333,137.15,0.1,7.14,8,"South"
"Sep",121.933333333333,235,28,881,8.33333333333333,26.6666666666667,146.9,0.11,7.18,9,"South"
"Oct",128.433333333333,249,93,1188.66666666667,20,0,151,0.11,7.42,10,"South"
"Nov",102.166666666667,324.666666666667,34.6666666666667,786.666666666667,4.66666666666667,5,182,0.13,7.44,11,"South"
"Dec",88.3333333333333,304,21,919.666666666667,7,35,140.4,0.1,7.18,12,"South"
"Jan",77.7666666666667,290,156.333333333333,1133.33333333333,8.66666666666667,135,177.45,0.13,6.28,1,"Upper"
"Feb",79.8666666666667,280,41,622.333333333333,18.3333333333333,66.6666666666667,107,0.03,6.84,2,"Upper"
"Mar",50.1666666666667,287.333333333333,61.3333333333333,928,10.3333333333333,3.33333333333333,187,0.03,5.9,3,"Upper"
"Apr",111.5,11.3333333333333,177.666666666667,1524.33333333333,8,21.6666666666667,140,0.1,7.41,4,"Upper"
"May",102.8,86.3333333333333,72.3333333333333,2024.33333333333,15.6666666666667,146.666666666667,216,0.16,7.26,5,"Upper"
"Jun",101.2,76.3333333333333,212,1689,10.3333333333333,110,172,0.12,6.4,6,"Upper"
"Jul",88.5,280,11.6666666666667,769.333333333333,11,103.333333333333,40.95,0.03,7.29,7,"Upper"
"Aug",94.7,8,4.66666666666667,1098.66666666667,19,55,59.8,0.04,7.14,8,"Upper"
"Sep",78.6666666666667,167.666666666667,20,844.333333333333,4.33333333333333,1.66666666666667,133.25,0.1,6.93,9,"Upper"
"Oct",138.833333333333,262.666666666667,86.3333333333333,1233.33333333333,8,0,149,0.11,6.86,10,"Upper"
"Nov",169.833333333333,107,54.3333333333333,640.333333333333,8.33333333333333,6.66666666666667,102.05,0.07,6.45,11,"Upper"
"Dec",126.333333333333,354,9,900,15.3333333333333,76.6666666666667,88.4,0.06,6.97,12,"Upper"
